{
    "bowel_frequency": 0.09664795984588614,
    "pain_severity": 0.09159837711003042,
    "sleep_hours": 0.08172297078658275,
    "meals_per_day": 0.07097496878464328,
    "protein": 0.06978567146188967,
    "carbs": 0.06302085128013502,
    "calories": 0.06255153265142002,
    "fiber": 0.06236303588655047,
    "hydration_level": 0.057955532792138886,
    "stress_level": 0.050359083167389185,
    "blood_present_yes": 0.04061310646768507,
    "urgency_level": 0.04055002853935832,
    "fatigue_level": 0.03515516674050532,
    "bristol_scale": 0.03256027703621016,
    "medication_taken_yes": 0.01820864174086474,
    "has_allergens_yes": 0.012363675271731234,
    "pain_location_lower_abdomen": 0.010739929576069542,
    "medication_type_biologic": 0.010596090467052432,
    "medication_type_steroid": 0.009563521051589039,
    "pain_location_upper_abdomen": 0.008811946962828667,
    "pain_location_full_abdomen": 0.008785412389409893,
    "menstruation_not_applicable": 0.00869772322015043,
    "pain_time_afternoon": 0.008690401467659004,
    "medication_type_immunosuppressant": 0.008319747750340127,
    "pain_time_evening": 0.008314655275284634,
    "pain_time_night": 0.00796596082392045,
    "pain_time_morning": 0.007728052417201219,
    "menstruation_yes": 0.007685541290755682,
    "pain_time_variable": 0.007670137744718224
}