{
    "bowel_frequency": 0.08322146950115944,
    "sleep_hours": 0.07595969619605052,
    "pain_severity": 0.07311040392342283,
    "meals_per_day": 0.06964908523719869,
    "calories": 0.06930605422693185,
    "carbs": 0.06886288879054779,
    "hydration_level": 0.06707292901398472,
    "fiber": 0.06596080855874621,
    "protein": 0.0646404273779585,
    "blood_present_yes": 0.062288868879430324,
    "stress_level": 0.05378659443908046,
    "urgency_level": 0.042295471237257944,
    "fatigue_level": 0.04086243345398551,
    "bristol_scale": 0.029608066209287357,
    "medication_taken_yes": 0.02384857123284842,
    "menstruation_not_applicable": 0.010647809016876938,
    "pain_time_morning": 0.010451432313999356,
    "has_allergens_yes": 0.010167817951989955,
    "medication_type_none": 0.009107836844838601,
    "pain_time_evening": 0.008460599065497884,
    "pain_location_upper_abdomen": 0.008264195722048277,
    "pain_location_none": 0.008214050097192716,
    "menstruation_yes": 0.008138361199491628,
    "pain_time_variable": 0.007612881846033724,
    "medication_type_immunosuppressant": 0.007449353745473112,
    "pain_location_lower_abdomen": 0.007139804908574165,
    "pain_time_night": 0.007124625233093914,
    "medication_type_steroid": 0.006747463776999196
}